"DOY","min","Time_Minimum","max","Time_Maximum","mean","amplitude"
166,3734.849121,"16:30:29",4007.575928,"23:44:42",3905.45476552,272.726807
